sequences,Class
GGAAGAAGAA,1
AACGGAAGAA,1
CCGCGAAGAA,1
TCCACAAGAA,1
CTAGCAAGAA,1
GATCCAAGAA,1
AGGTCAAGAA,1
GAGAAGAGAA,1
AGAGAGAGAA,1
CTCCAGAGAA,1
ACTAGGAGAA,1
TAACGGAGAA,1
GCATCGAGAA,1
TCGGTGAGAA,1
CGTAACAGAA,1
GCCGACAGAA,1
TTGAGCAGAA,1
CACTCCAGAA,1
ACACTCAGAA,1
TGGCATAGAA,1
GTTGGTAGAA,1
CGCGTTAGAA,1
GAAGAAGGAA,1
ATGCAAGGAA,1
CGCTAAGGAA,1
CATAGAGGAA,1
ACATGAGGAA,1
TGTGCAGGAA,1
GCGATAGGAA,1
TACCTAGGAA,1
AACAACGGAA,1
TCTCACGGAA,1
GTACGCGGAA,1
CCAACCGGAA,1
CAGGTCGGAA,1
TGATTCGGAA,1
TTCGATGGAA,1
AGGAGTGGAA,1
GACTGTGGAA,1
CTTCCTGGAA,1
TCGTCTGGAA,1
ACTGTTGGAA,1
CCTGAACGAA,1
AGTCGACGAA,1
TAGTGACGAA,1
GTCTCACGAA,1
TGCAAGCGAA,1
CAATAGCGAA,1
ATAACGCGAA,1
GACGTGCGAA,1
ACGTACCGAA,1
TCAGGCCGAA,1
CTCATCCGAA,1
GCACATCGAA,1
CAGACTCGAA,1
GGTATTCGAA,1
CGACTATGAA,1
GGTCAGTGAA,1
GTCAGGTGAA,1
CGGTGGTGAA,1
AAGGCGTGAA,1
CTTGTGTGAA,1
ACCTTGTGAA,1
TGCCGCTGAA,1
GCTTGCTGAA,1
GGAGCCTGAA,1
CAAGGTTGAA,1
CTCAGAACAA,1
TCTGGAACAA,1
GGCGCAACAA,1
TTGCCAACAA,1
TACGAGACAA,1
ACGCAGACAA,1
CGTCGGACAA,1
GTGTGGACAA,1
TGAACGACAA,1
ATTGCGACAA,1
GCCATGACAA,1
CTGGACACAA,1
GAACACACAA,1
AGCTACACAA,1
CCATGCACAA,1
AAGACCACAA,1
CCTACTACAA,1
GAGGTTACAA,1
ACCGAAGCAA,1
TGACAAGCAA,1
GAGCGAGCAA,1
GTAACAGCAA,1
CCTCTAGCAA,1
CGGAAGGCAA,1
GATTAGGCAA,1
CAAGCGGCAA,1
TTCTCGGCAA,1
ATACTGGCAA,1
TCCAGCGCAA,1
AGAGGCGCAA,1
CGTTCCGCAA,1
GTCGTCGCAA,1
CACCATGCAA,1
TTTCTCCCTA,0
GCCACTGATT,0
AGAAATGCTC,0
ACTGCATTAG,0
TGCATAACTT,0
GATATGCACA,0
AGGTACAATA,0
CATATCGTGG,0
CCTGCCTTGA,0
CCACGAACTT,0
AGCAGCATTG,0
GCGTACCGTC,0
AGTTTCCTAA,0
GTCCCGCCCT,0
GGCACCCTGC,0
TCTGATTTAT,0
TCCCTGTTCA,0
CGGGATTGGC,0
GATATCCATC,0
GATGGTTGAG,0
CCGAGGCTGG,0
GTAGGGCACT,0
GTATGCAACT,0
ACCAGGGCGA,0
ACAGTAAGGC,0
AGCAAATTCA,0
GCGTCTCTAA,0
AATCACATTA,0
GCTATCGGAG,0
AAAATCCCTA,0
CCACAACTAT,0
GACAGCCCTA,0
AGAAGTACAC,0
GCAAAAGTAA,0
ACCTCTAAGA,0
AAGTAGATTG,0
CAAACACAGA,0
TTCCATGAAC,0
ACCCCGGGGT,0
GTTTATTTGC,0
TTTAATCTCA,0
GCCCGAGAAT,0
TAATATGCAA,0
TGCTCACTCT,0
TACGACCGCG,0
CAGCGAGCAG,0
GTCATCGTCT,0
TAGCTAATCT,0
CCCGAGCAGG,0
AGAGCCGTTA,0
CGGCTTTTCA,0
GAGTGGGACC,0
GGTCAGTAAT,0
GGCAACCCCA,0
TTCGGTTGGT,0
CTGGGTCGCG,0
TCGTGCGGCA,0
CTGAAGTGCA,0
AGTTGTACCT,0
TGTGTCATGG,0
GCGATTTCAC,0
TACACCGTCC,0
CCCGGTAATT,0
TGTCAATCGG,0
CGTGGATGTG,0
AATTGCCGTC,0
TTCTTATACG,0
GATTCGGCAC,0
TTTCACGTCT,0
GTACCCGGCG,0
CAATGATTCG,0
TCAGAGGCAT,0
CGGGCTAGAC,0
TAATTCGAGT,0
TTGATTACAC,0
GCATACCACA,0
GAGCCGCGCG,0
TAGAAGATGC,0
AATTAAGCGG,0
TGAGATAGCC,0
TAGGTATTAT,0
TTTTCTCTGC,0
AGGATGGACA,0
CGCAAGCGTA,0
CAGGCGTCCT,0
ACGTTATAAT,0
AATGAAAGGG,0
CCCGCTTCGA,0
GTATTTAGCT,0
TGGAAAGTTG,0
GGAAGCGTTC,0
GATAGGATCT,0
TGTCATGGTC,0
CGGGCGTTCA,0
GGAACACCTT,0
TGTCCCTTTA,0
TATCGGAAAT,0
GACGATGTGT,0
GCGTCATGCC,0
ACACTTCCGG,0
